Date,Close,High,Low,Volume
26/05/16,1235.65,1249.30,1226.00,230568.00
27/05/16,1260.55,1270.00,1229.40,144879.00
30/05/16,1302.65,1307.80,1265.65,273086.00
31/05/16,1297.10,1311.00,1286.00,293150.00
01/06/16,1287.85,1309.50,1267.15,140531.00
02/06/16,1285.90,1290.90,1261.55,126260.00
03/06/16,1254.85,1295.00,1250.00,82745.00
06/06/16,1263.85,1275.90,1239.70,62875.00
07/06/16,1264.75,1274.70,1251.75,118134.00
08/06/16,1257.00,1266.80,1250.70,41716.00
09/06/16,1268.80,1274.80,1237.85,189963.00
10/06/16,1250.25,1281.45,1243.30,174658.00
13/06/16,1299.40,1308.00,1232.15,334202.00
14/06/16,1262.30,1310.95,1256.15,252663.00
15/06/16,1284.35,1287.00,1265.70,225179.00
16/06/16,1263.35,1285.80,1256.00,76517.00
17/06/16,1256.05,1282.90,1253.40,81991.00
20/06/16,1268.70,1275.00,1243.55,129469.00
21/06/16,1261.90,1280.00,1256.55,70032.00
22/06/16,1253.70,1269.80,1250.45,68501.00
23/06/16,1251.00,1258.95,1248.00,66627.00
24/06/16,1252.95,1260.00,1196.65,119862.00
27/06/16,1266.60,1274.00,1251.00,64769.00
28/06/16,1280.65,1285.40,1265.00,77012.00
29/06/16,1294.55,1299.00,1280.00,75768.00
30/06/16,1312.85,1324.70,1290.70,411199.00
01/07/16,1314.35,1327.45,1310.00,52567.00
04/07/16,1319.80,1334.25,1311.10,78191.00
05/07/16,1310.45,1333.95,1305.05,59876.00
07/07/16,1325.10,1343.90,1307.25,223056.00
08/07/16,1309.75,1338.70,1296.05,87863.00
11/07/16,1316.50,1335.00,1312.20,50318.00
12/07/16,1353.40,1361.40,1320.00,182860.00
13/07/16,1339.25,1362.95,1335.00,70750.00
14/07/16,1374.10,1437.00,1360.00,1061621.00
15/07/16,1337.35,1380.00,1329.00,165153.00
18/07/16,1339.75,1369.00,1322.55,142318.00
19/07/16,1333.45,1353.10,1324.35,96930.00
20/07/16,1350.85,1365.00,1329.00,124348.00
21/07/16,1364.70,1388.00,1342.60,209226.00
22/07/16,1392.90,1398.00,1360.55,174663.00
25/07/16,1390.60,1408.00,1375.00,195136.00
26/07/16,1391.05,1418.05,1386.25,217235.00
27/07/16,1411.65,1418.85,1391.05,191348.00
28/07/16,1426.05,1432.00,1404.00,225908.00
29/07/16,1465.80,1472.40,1429.90,207206.00
01/08/16,1512.85,1528.00,1470.25,415584.00
02/08/16,1494.00,1524.80,1474.75,177278.00
03/08/16,1475.85,1505.20,1470.00,181841.00
04/08/16,1503.30,1513.95,1462.20,168431.00
05/08/16,1531.85,1549.50,1510.00,209755.00
08/08/16,1539.05,1556.00,1496.00,229122.00
09/08/16,1580.90,1688.70,1550.00,2093549.00
10/08/16,1561.55,1628.60,1548.00,876130.00
11/08/16,1558.75,1584.95,1538.10,239385.00
12/08/16,1583.80,1597.95,1560.00,212754.00
16/08/16,1583.30,1591.85,1549.90,130431.00
17/08/16,1611.15,1629.70,1570.00,283484.00
18/08/16,1620.85,1635.00,1547.70,289920.00
19/08/16,1612.80,1639.75,1608.50,188871.00
22/08/16,1623.80,1632.00,1608.55,132837.00
23/08/16,1659.30,1666.25,1621.00,280253.00
24/08/16,1681.35,1692.00,1650.95,219842.00
25/08/16,1679.20,1709.45,1667.00,274453.00
26/08/16,1674.65,1712.00,1665.00,232597.00
29/08/16,1670.65,1683.50,1658.65,97281.00
30/08/16,1686.55,1699.00,1657.65,90706.00
31/08/16,1721.50,1730.00,1683.10,321510.00
01/09/16,1713.65,1750.00,1705.50,204744.00
02/09/16,1705.00,1734.00,1699.25,130983.00
06/09/16,1717.50,1729.55,1704.00,83901.00
07/09/16,1734.00,1749.00,1717.55,154832.00
08/09/16,1730.40,1754.85,1720.00,117617.00
09/09/16,1718.25,1739.00,1712.50,72503.00
12/09/16,1625.25,1681.15,1617.55,134380.00
14/09/16,1653.00,1668.00,1626.70,61944.00
15/09/16,1640.30,1677.90,1635.50,118371.00
16/09/16,1624.90,1685.00,1612.85,317481.00
19/09/16,1636.20,1649.00,1625.00,85229.00
20/09/16,1626.45,1644.70,1623.00,59262.00
21/09/16,1609.40,1630.05,1597.00,92222.00
22/09/16,1624.20,1650.00,1616.05,88903.00
23/09/16,1787.85,1800.00,1628.80,1428246.00
26/09/16,1787.60,1811.00,1762.90,574713.00
27/09/16,1766.50,1824.80,1758.25,568101.00
28/09/16,1795.55,1809.00,1772.10,203241.00
29/09/16,1752.80,1823.15,1670.00,406675.00
30/09/16,1777.70,1785.00,1745.35,197869.00
03/10/16,1908.40,1925.00,1775.10,572860.00
04/10/16,1866.90,1927.95,1855.40,276290.00
05/10/16,1924.45,1970.00,1873.10,853189.00
06/10/16,1890.45,1946.30,1872.00,355072.00
07/10/16,1893.90,1945.60,1880.00,394783.00
10/10/16,1896.30,1927.75,1890.00,185931.00
13/10/16,1876.20,1899.00,1850.60,193400.00
14/10/16,1870.10,1894.00,1863.05,119367.00
17/10/16,1839.75,1889.95,1815.70,157446.00
18/10/16,1870.50,1878.30,1824.65,182707.00
19/10/16,1870.05,1884.90,1845.00,134698.00
20/10/16,1924.85,1937.70,1861.10,361719.00
21/10/16,1913.60,1958.40,1903.20,358333.00
24/10/16,1882.90,1930.35,1878.05,130654.00
25/10/16,1875.20,1893.35,1865.60,92395.00
26/10/16,1847.75,1880.00,1837.85,62079.00
27/10/16,1809.75,1854.00,1790.55,139338.00
28/10/16,1820.95,1846.40,1805.15,116308.00
01/11/16,1813.60,1850.00,1807.60,65441.00
02/11/16,1735.25,1800.00,1722.45,131560.00
03/11/16,1738.15,1777.00,1712.25,120266.00
04/11/16,1703.40,1751.00,1651.50,212470.00
07/11/16,1719.00,1739.15,1705.00,294130.00
08/11/16,1743.90,1765.00,1720.00,167138.00
09/11/16,1706.50,1730.25,1572.60,252535.00
10/11/16,1751.20,1784.00,1732.00,139459.00
11/11/16,1690.55,1749.05,1680.00,141318.00
15/11/16,1616.00,1666.20,1599.85,411882.00
16/11/16,1524.80,1678.05,1516.05,310529.00
17/11/16,1463.05,1519.00,1415.00,723859.00
18/11/16,1426.15,1472.00,1351.00,682876.00
21/11/16,1435.05,1499.00,1404.60,705022.00
22/11/16,1437.60,1468.80,1415.45,214472.00
23/11/16,1464.50,1476.80,1442.00,218892.00
24/11/16,1452.00,1481.00,1437.15,228539.00
25/11/16,1529.95,1548.90,1456.15,298435.00
28/11/16,1528.45,1555.20,1521.10,295674.00
29/11/16,1543.15,1564.80,1525.65,159087.00
30/11/16,1574.95,1616.80,1548.55,338785.00
01/12/16,1582.75,1591.60,1546.00,188928.00
02/12/16,1528.50,1576.00,1515.00,177390.00
05/12/16,1535.05,1542.05,1501.00,451807.00
06/12/16,1525.10,1558.65,1519.00,83730.00
07/12/16,1513.90,1549.00,1501.05,130507.00
08/12/16,1540.20,1574.30,1516.95,311445.00
09/12/16,1534.70,1554.50,1521.10,121949.00
12/12/16,1518.35,1546.00,1499.55,139083.00
13/12/16,1524.50,1546.00,1517.00,160849.00
14/12/16,1526.10,1552.60,1520.10,295299.00
15/12/16,1509.25,1537.75,1505.20,108022.00
16/12/16,1507.45,1522.60,1491.10,126112.00
19/12/16,1508.40,1522.00,1505.00,60083.00
20/12/16,1480.90,1514.90,1475.55,125964.00
21/12/16,1484.60,1504.70,1450.40,190733.00
22/12/16,1484.90,1498.70,1472.00,165029.00
23/12/16,1493.95,1511.75,1483.20,187208.00
26/12/16,1459.35,1490.00,1451.00,118026.00
27/12/16,1511.00,1521.00,1444.00,184190.00
28/12/16,1502.75,1534.40,1496.45,180202.00
29/12/16,1528.45,1535.00,1485.50,249609.00
30/12/16,1546.45,1554.65,1527.90,97273.00
02/01/17,1558.40,1564.00,1531.15,96634.00
03/01/17,1550.20,1573.00,1545.60,112184.00
04/01/17,1549.45,1572.00,1540.00,97995.00
05/01/17,1584.50,1595.00,1548.05,158877.00
06/01/17,1565.25,1613.50,1560.00,163558.00
09/01/17,1570.55,1582.95,1552.95,77182.00
10/01/17,1576.00,1588.00,1566.40,59099.00
11/01/17,1652.05,1659.00,1578.55,448570.00
12/01/17,1634.70,1665.00,1615.50,260212.00
13/01/17,1620.25,1648.25,1608.00,109975.00
16/01/17,1624.30,1642.00,1612.00,125155.00
17/01/17,1655.95,1705.75,1637.65,776537.00
18/01/17,1656.15,1679.90,1646.60,207143.00
19/01/17,1668.85,1675.00,1647.05,145266.00
20/01/17,1644.30,1692.95,1638.70,281903.00
23/01/17,1653.15,1663.00,1635.10,117331.00
24/01/17,1665.00,1676.00,1628.35,168044.00
25/01/17,1709.70,1715.00,1655.10,315277.00
27/01/17,1706.90,1760.00,1696.10,204007.00
30/01/17,1691.00,1715.00,1683.75,110820.00
31/01/17,1715.30,1745.00,1688.00,266527.00
01/02/17,1700.35,1728.95,1678.30,190698.00
02/02/17,1703.45,1729.00,1687.00,145755.00
03/02/17,1698.00,1719.90,1687.70,123121.00
06/02/17,1730.90,1738.00,1705.45,167735.00
07/02/17,1751.60,1783.60,1738.50,331329.00
08/02/17,1758.75,1772.95,1746.25,122570.00
09/02/17,1743.40,1772.00,1732.70,113069.00
10/02/17,1752.05,1768.90,1734.70,135452.00
13/02/17,1600.70,1737.60,1552.00,1217033.00
14/02/17,1583.85,1633.95,1567.80,514438.00
15/02/17,1529.25,1600.00,1520.10,309504.00
16/02/17,1542.60,1553.55,1506.15,371440.00
17/02/17,1591.00,1601.60,1530.00,376028.00
20/02/17,1600.35,1617.85,1576.00,296088.00
21/02/17,1605.30,1618.55,1595.45,96869.00
22/02/17,1573.00,1614.40,1568.00,98138.00
23/02/17,1552.20,1585.90,1547.00,205186.00
27/02/17,1552.20,1574.00,1548.50,227346.00
28/02/17,1556.15,1565.00,1551.00,55498.00
01/03/17,1550.00,1571.40,1542.10,123405.00
02/03/17,1573.30,1617.00,1552.00,352871.00
03/03/17,1573.55,1582.40,1558.05,111527.00
06/03/17,1581.20,1594.60,1555.65,116468.00
07/03/17,1588.85,1603.90,1578.55,120254.00
08/03/17,1567.35,1592.95,1561.40,129614.00
09/03/17,1576.20,1583.95,1562.05,107486.00
10/03/17,1565.00,1590.00,1556.30,131756.00
14/03/17,1571.55,1591.95,1570.00,114354.00
15/03/17,1566.85,1581.85,1563.05,154031.00
16/03/17,1621.40,1629.90,1570.30,319535.00
17/03/17,1615.10,1640.55,1602.80,569571.00
20/03/17,1616.25,1646.40,1610.25,181190.00
21/03/17,1602.15,1634.15,1590.00,149186.00
22/03/17,1582.95,1624.05,1560.00,264180.00
23/03/17,1590.75,1600.70,1577.05,123992.00
24/03/17,1591.15,1603.90,1588.35,135222.00
27/03/17,1601.90,1640.45,1589.95,372287.00
28/03/17,1598.55,1619.90,1591.80,184340.00
29/03/17,1600.70,1619.95,1593.35,88913.00
30/03/17,1604.10,1622.80,1580.00,226374.00
31/03/17,1627.15,1638.90,1602.55,203767.00
03/04/17,1662.05,1674.45,1630.00,282430.00
05/04/17,1652.95,1682.95,1647.15,280360.00
06/04/17,1647.75,1667.85,1636.00,190860.00
07/04/17,1637.10,1658.90,1631.60,179539.00
10/04/17,1632.70,1655.00,1624.70,198982.00
11/04/17,1638.20,1644.70,1628.00,145766.00
12/04/17,1646.95,1668.05,1625.00,224242.00
13/04/17,1693.35,1700.00,1642.00,404798.00
17/04/17,1704.50,1717.65,1693.95,180964.00
18/04/17,1649.30,1724.40,1634.00,181124.00
19/04/17,1676.15,1683.45,1636.55,158787.00
20/04/17,1711.10,1722.05,1675.85,193236.00
21/04/17,1699.65,1723.00,1688.55,119931.00
24/04/17,1714.45,1732.90,1695.90,221772.00
25/04/17,1732.90,1745.00,1710.05,261003.00
26/04/17,1748.95,1771.40,1730.35,328283.00
27/04/17,1793.95,1824.95,1745.05,489924.00
28/04/17,1771.40,1809.55,1761.60,129113.00
02/05/17,1768.60,1799.80,1756.90,132513.00
03/05/17,1773.15,1793.00,1765.35,101466.00
04/05/17,1749.10,1786.35,1739.70,89584.00
05/05/17,1757.25,1785.00,1744.70,109111.00
08/05/17,1739.35,1774.00,1731.50,76182.00
09/05/17,1761.60,1775.00,1736.05,83855.00
10/05/17,1779.70,1788.95,1713.90,119076.00
11/05/17,1776.95,1817.95,1767.05,143410.00
12/05/17,1766.80,1795.00,1755.00,71168.00
15/05/17,1802.20,1810.00,1767.00,114845.00
16/05/17,1841.35,1850.00,1790.20,264205.00
17/05/17,1831.80,1859.00,1815.85,132462.00
18/05/17,1777.80,1842.00,1761.00,159614.00
19/05/17,1738.65,1808.00,1732.00,180610.00
22/05/17,1707.10,1773.00,1700.50,130389.00
23/05/17,1611.90,1689.40,1594.15,537896.00
24/05/17,1588.35,1620.00,1579.10,236385.00
25/05/17,1617.05,1625.70,1583.25,172240.00
26/05/17,1661.30,1671.00,1607.10,171025.00
29/05/17,1608.90,1702.60,1603.40,137266.00
30/05/17,1630.10,1635.00,1590.00,111725.00
31/05/17,1634.00,1644.80,1616.00,72631.00
01/06/17,1627.70,1642.10,1622.65,64132.00
02/06/17,1643.70,1648.00,1626.75,44597.00
05/06/17,1661.15,1670.00,1645.15,50196.00
06/06/17,1629.50,1670.00,1622.50,55530.00
07/06/17,1640.05,1650.00,1625.00,65961.00
08/06/17,1688.40,1697.35,1635.00,200372.00
09/06/17,1672.75,1696.00,1665.00,64024.00
12/06/17,1635.95,1680.00,1630.10,76992.00
13/06/17,1652.95,1665.95,1632.50,125235.00
14/06/17,1631.80,1662.15,1623.00,103250.00
15/06/17,1623.25,1635.20,1607.40,180013.00
16/06/17,1631.75,1653.25,1620.05,71973.00
19/06/17,1633.05,1641.75,1626.15,38103.00
20/06/17,1628.85,1649.60,1624.00,57787.00
21/06/17,1632.70,1648.00,1618.00,83515.00
22/06/17,1625.45,1646.00,1620.00,76192.00
23/06/17,1591.65,1631.90,1570.00,133679.00
27/06/17,1537.45,1597.00,1533.50,130375.00
28/06/17,1514.95,1545.00,1503.10,88181.00
29/06/17,1534.15,1547.45,1514.95,110429.00
30/06/17,1540.65,1550.00,1512.45,100410.00
03/07/17,1580.20,1587.10,1541.65,148706.00
04/07/17,1552.45,1584.00,1546.40,75844.00
05/07/17,1564.90,1573.15,1543.00,104974.00
06/07/17,1539.25,1570.00,1521.85,131482.00
07/07/17,1534.20,1544.90,1512.55,84575.00
10/07/17,1546.85,1552.95,1521.60,28867.00
11/07/17,1554.10,1572.00,1542.40,160770.00
12/07/17,1556.25,1566.80,1549.00,54779.00
13/07/17,1557.85,1576.30,1551.60,138096.00
14/07/17,1551.05,1569.25,1546.00,70592.00
17/07/17,1541.15,1561.95,1532.20,59748.00
18/07/17,1522.70,1545.00,1510.30,106028.00
19/07/17,1528.10,1535.00,1505.25,111001.00
20/07/17,1502.30,1537.00,1500.00,412853.00
21/07/17,1511.55,1523.00,1495.00,100427.00
24/07/17,1500.90,1523.50,1500.00,247914.00
25/07/17,1516.25,1523.85,1495.70,116610.00
26/07/17,1558.50,1565.00,1513.00,212059.00
27/07/17,1546.75,1574.00,1536.00,236031.00
28/07/17,1540.60,1549.05,1522.10,67652.00
31/07/17,1518.75,1557.00,1509.00,175486.00
01/08/17,1513.60,1536.00,1509.05,167510.00
02/08/17,1536.40,1559.00,1511.90,267459.00
03/08/17,1507.80,1543.45,1496.75,166415.00
04/08/17,1516.05,1525.80,1497.55,92171.00
07/08/17,1543.95,1554.00,1515.00,115795.00
08/08/17,1546.85,1587.90,1533.35,427879.00
09/08/17,1435.45,1514.00,1415.25,1081786.00
10/08/17,1473.40,1499.00,1424.95,702110.00
11/08/17,1479.80,1510.00,1425.00,238201.00
14/08/17,1466.70,1509.95,1455.05,129224.00
16/08/17,1484.55,1492.00,1442.35,141826.00
17/08/17,1490.65,1510.00,1462.30,237217.00
18/08/17,1488.90,1521.00,1467.50,171446.00
21/08/17,1480.55,1502.05,1476.00,52706.00
22/08/17,1460.45,1493.90,1448.50,103640.00
23/08/17,1463.75,1479.40,1456.00,148420.00
24/08/17,1451.35,1468.45,1446.30,163047.00
28/08/17,1471.35,1480.60,1432.80,168965.00
29/08/17,1464.20,1490.00,1456.55,244370.00
30/08/17,1476.95,1485.00,1461.10,97478.00
31/08/17,1533.25,1542.15,1470.10,263068.00
01/09/17,1520.20,1547.95,1514.00,105817.00
04/09/17,1503.85,1545.00,1489.80,112566.00
05/09/17,1533.95,1547.55,1512.45,213214.00
06/09/17,1562.40,1569.00,1522.35,183330.00
07/09/17,1550.50,1576.45,1538.10,157639.00
08/09/17,1544.50,1565.95,1540.00,88504.00
11/09/17,1550.25,1570.00,1544.25,154180.00
12/09/17,1594.90,1604.05,1552.10,156927.00
13/09/17,1565.00,1594.90,1560.30,61581.00
14/09/17,1565.70,1592.10,1554.00,165907.00
15/09/17,1582.25,1588.00,1561.55,58521.00
18/09/17,1634.05,1638.90,1585.00,219844.00
19/09/17,1616.30,1643.50,1607.00,75941.00
20/09/17,1602.40,1633.50,1595.00,65776.00
21/09/17,1601.20,1617.95,1586.50,55980.00
22/09/17,1537.15,1593.45,1531.00,65408.00
25/09/17,1534.40,1573.80,1510.00,181536.00
26/09/17,1536.10,1556.95,1511.80,142515.00
27/09/17,1522.20,1549.80,1515.75,77229.00
28/09/17,1535.70,1549.05,1510.00,56468.00
29/09/17,1541.10,1557.90,1532.00,40067.00
03/10/17,1568.40,1580.45,1544.95,50706.00
04/10/17,1543.30,1568.00,1536.80,99532.00
05/10/17,1556.70,1575.00,1527.60,134577.00
06/10/17,1577.85,1589.00,1567.00,205064.00
09/10/17,1743.90,1752.75,1580.00,1422276.00
10/10/17,1718.60,1748.05,1696.00,585037.00
11/10/17,1724.85,1793.90,1681.60,1032256.00
12/10/17,1759.70,1773.90,1724.10,468866.00
13/10/17,1726.65,1768.90,1720.10,204451.00
16/10/17,1723.25,1762.55,1717.25,207586.00
17/10/17,1715.20,1753.45,1703.55,206837.00
18/10/17,1675.00,1728.35,1651.05,285860.00
19/10/17,1653.95,1687.80,1639.50,34931.00
23/10/17,1681.25,1693.30,1650.95,217633.00
24/10/17,1660.35,1692.95,1654.70,117222.00
25/10/17,1640.80,1677.45,1631.10,172407.00
26/10/17,1642.40,1681.10,1622.55,183995.00
27/10/17,1651.05,1673.40,1645.05,63430.00
30/10/17,1707.30,1720.00,1634.10,220815.00
31/10/17,1689.05,1727.55,1680.50,114515.00
01/11/17,1696.50,1715.00,1683.20,137877.00
02/11/17,1742.60,1758.50,1696.75,313148.00
03/11/17,1709.95,1766.90,1697.00,208515.00
06/11/17,1672.30,1726.40,1651.00,128936.00
07/11/17,1668.90,1688.15,1650.05,123347.00
08/11/17,1658.60,1683.85,1645.00,97594.00
09/11/17,1636.65,1667.45,1624.35,163795.00
10/11/17,1732.90,1743.60,1555.50,1063747.00
13/11/17,1750.20,1776.45,1693.10,557601.00
14/11/17,1715.10,1760.30,1700.00,88959.00
15/11/17,1706.40,1738.30,1694.00,170746.00
16/11/17,1742.10,1754.95,1699.40,148790.00
17/11/17,1773.05,1800.00,1727.15,318256.00
20/11/17,1757.85,1795.00,1732.75,167794.00
21/11/17,1762.05,1797.90,1752.05,273439.00
22/11/17,1780.40,1791.80,1752.05,241972.00
23/11/17,1865.40,1876.80,1787.35,1335537.00
24/11/17,1848.05,1889.90,1837.20,539673.00
27/11/17,1857.10,1879.00,1836.20,226695.00
28/11/17,1876.70,1909.90,1857.25,548575.00
29/11/17,1858.30,1893.75,1851.70,185537.00
30/11/17,1831.40,1865.00,1821.50,140539.00
01/12/17,1830.20,1866.95,1826.00,166493.00
04/12/17,1791.75,1842.90,1774.65,172981.00
05/12/17,1829.05,1848.25,1759.50,236145.00
06/12/17,1779.30,1858.00,1759.00,285803.00
07/12/17,1807.95,1822.95,1781.45,183863.00
08/12/17,1825.20,1848.95,1811.20,228131.00
11/12/17,1840.30,1861.75,1826.05,132308.00
12/12/17,1852.20,1872.00,1820.45,305182.00
13/12/17,1808.45,1871.95,1801.00,169015.00
14/12/17,1816.75,1835.00,1780.85,195450.00
15/12/17,1874.05,1891.80,1816.75,409910.00
18/12/17,1887.40,1913.20,1800.00,261275.00
19/12/17,1926.75,1936.40,1873.05,334566.00
20/12/17,1917.05,1946.45,1911.30,220185.00
21/12/17,1946.80,1959.90,1903.00,228317.00
22/12/17,1957.00,1978.00,1944.05,264063.00
26/12/17,1950.75,1968.10,1938.10,133606.00
27/12/17,1948.80,1963.90,1938.65,119840.00
28/12/17,1949.75,1960.95,1941.65,103632.00
29/12/17,1981.20,1999.55,1949.90,349851.00
01/01/18,1967.20,2022.00,1964.15,117434.00
02/01/18,1945.50,1995.90,1924.25,167071.00
03/01/18,1921.40,1971.00,1907.55,204284.00
04/01/18,1934.40,1943.90,1915.00,141467.00
05/01/18,1954.65,1972.00,1916.60,191711.00
08/01/18,1953.25,1974.00,1940.50,161829.00
09/01/18,1955.35,1979.15,1940.55,194059.00
10/01/18,1939.80,1970.00,1930.05,108589.00
11/01/18,1937.20,1958.80,1928.00,161710.00
12/01/18,2008.15,2026.70,1933.85,563881.00
15/01/18,2010.90,2048.45,1994.55,442204.00
16/01/18,1959.15,2015.00,1953.00,165652.00
17/01/18,1951.50,1969.70,1910.00,268364.00
18/01/18,1921.05,1983.10,1895.55,151986.00
19/01/18,1909.80,1922.80,1863.40,215314.00
22/01/18,1950.20,1957.50,1890.95,156712.00
23/01/18,1952.25,1966.65,1935.40,142164.00
24/01/18,1898.30,1951.15,1888.00,108574.00
25/01/18,1839.65,1914.95,1827.90,239937.00
29/01/18,1834.40,1864.70,1822.85,126586.00
30/01/18,1794.90,1844.55,1784.00,185045.00
31/01/18,1783.45,1827.95,1771.20,188183.00
01/02/18,1806.30,1822.00,1733.60,141309.00
02/02/18,1797.70,1821.70,1690.00,317696.00
05/02/18,1775.05,1812.35,1747.00,159576.00
06/02/18,1730.35,1757.00,1640.75,167404.00
07/02/18,1776.20,1797.50,1740.15,121256.00
08/02/18,1843.20,1889.40,1805.55,540155.00
09/02/18,1875.05,1889.55,1798.15,227219.00
12/02/18,1893.45,1907.70,1875.00,116947.00
14/02/18,1908.10,1925.65,1886.80,164882.00
15/02/18,1900.05,1930.40,1891.00,141789.00
16/02/18,1863.95,1915.00,1845.00,114543.00
19/02/18,1892.75,1904.00,1838.10,146475.00
20/02/18,1888.30,1916.00,1873.05,192498.00
21/02/18,1878.70,1902.95,1873.20,56383.00
22/02/18,1899.45,1917.10,1866.55,251486.00
23/02/18,1922.00,1933.45,1881.90,145850.00
26/02/18,1926.20,1961.00,1917.40,210785.00
27/02/18,1903.30,1940.50,1896.70,92322.00
28/02/18,1898.75,1919.00,1885.00,146617.00
01/03/18,1892.65,1933.85,1881.70,91056.00
05/03/18,1881.55,1904.55,1865.05,64519.00
06/03/18,1856.60,1904.00,1845.00,127481.00
07/03/18,1805.60,1859.00,1798.00,110597.00
08/03/18,1849.30,1860.35,1775.00,143698.00
09/03/18,1853.35,1865.80,1825.00,172275.00
12/03/18,1868.95,1873.40,1842.05,99184.00
13/03/18,1866.45,1884.80,1848.55,90378.00
14/03/18,1869.00,1888.50,1856.65,76126.00
15/03/18,1877.75,1890.00,1866.65,66461.00
16/03/18,1872.75,1892.00,1867.40,59244.00
19/03/18,1875.45,1885.75,1851.55,105208.00
20/03/18,1914.45,1921.95,1857.00,202883.00
21/03/18,1946.70,1951.80,1918.05,350041.00
22/03/18,1942.10,1960.00,1925.10,200100.00
23/03/18,1917.10,1925.25,1887.65,98391.00
26/03/18,1925.70,1933.95,1912.35,88981.00
27/03/18,1996.25,2007.55,1925.00,274733.00
28/03/18,1955.15,2014.00,1938.00,376365.00
02/04/18,1988.15,1996.00,1960.00,119688.00
03/04/18,2007.65,2022.00,1979.95,200413.00
04/04/18,2000.35,2044.30,1989.05,241438.00
05/04/18,2029.35,2057.00,2006.00,190591.00
06/04/18,2042.10,2065.00,2016.00,196319.00
09/04/18,2047.45,2067.70,2032.00,101713.00
10/04/18,2042.20,2062.25,2033.45,66269.00
11/04/18,2060.05,2089.00,2040.00,275400.00
12/04/18,2070.20,2081.90,2041.05,265152.00
13/04/18,2088.40,2104.80,2058.45,109363.00
16/04/18,2137.85,2148.80,2066.20,214927.00
17/04/18,2153.20,2174.90,2130.00,252046.00
18/04/18,2162.90,2178.90,2153.20,169850.00
19/04/18,2184.35,2190.00,2152.60,150847.00
20/04/18,2218.75,2230.00,2172.15,164052.00
23/04/18,2213.30,2231.70,2200.05,115447.00
24/04/18,2206.00,2221.45,2175.70,84401.00
25/04/18,2170.25,2234.20,2154.05,162522.00
26/04/18,2318.80,2352.80,2172.05,434601.00
27/04/18,2380.55,2399.95,2283.00,375466.00
30/04/18,2392.45,2446.60,2371.05,247143.00
02/05/18,2349.70,2411.75,2335.00,217698.00
03/05/18,2298.15,2364.40,2280.00,119279.00
04/05/18,2315.20,2358.40,2271.00,130618.00
07/05/18,2315.35,2332.00,2291.55,75960.00
08/05/18,2402.00,2413.50,2302.10,223724.00
09/05/18,2334.55,2401.35,2322.30,177214.00
10/05/18,2234.95,2354.65,2224.00,187116.00
11/05/18,2246.70,2277.40,2215.00,173838.00
14/05/18,2218.85,2265.40,2202.80,63486.00
15/05/18,2235.85,2274.00,2216.05,103050.00
16/05/18,2255.70,2270.00,2212.55,90760.00
17/05/18,2227.60,2287.00,2217.00,134737.00
18/05/18,1924.40,2205.55,1833.15,2212894.00
21/05/18,1877.55,1941.00,1822.05,924726.00
22/05/18,1896.05,1917.00,1860.10,324936.00
23/05/18,1805.05,1892.00,1794.80,457317.00
24/05/18,1793.60,1828.20,1762.10,377369.00
25/05/18,1865.50,1928.00,1795.15,977104.00
28/05/18,1927.05,1945.90,1872.00,535998.00
29/05/18,1926.05,1964.90,1894.80,468148.00
30/05/18,1894.65,1936.50,1875.55,260249.00
31/05/18,1932.20,1939.85,1862.10,364313.00
01/06/18,1869.55,1944.95,1859.20,328574.00
04/06/18,1889.45,1918.85,1872.00,357747.00
05/06/18,1877.55,1905.00,1848.00,168067.00
06/06/18,1893.00,1912.00,1866.05,163064.00
07/06/18,1896.55,1927.50,1894.00,179363.00
08/06/18,1889.75,1903.95,1884.50,106186.00
11/06/18,1870.00,1915.00,1863.70,111778.00
12/06/18,1865.55,1886.05,1861.00,88521.00
13/06/18,1838.40,1883.65,1825.40,95521.00
14/06/18,1880.15,1889.00,1840.00,131739.00
15/06/18,1902.80,1941.65,1878.35,465196.00
18/06/18,1872.65,1904.90,1860.00,164310.00
19/06/18,1848.90,1869.00,1835.05,119722.00
20/06/18,1823.05,1859.95,1817.00,177689.00
21/06/18,1782.95,1823.25,1759.85,441179.00
22/06/18,1671.40,1787.95,1662.05,1629350.00
25/06/18,1660.05,1683.55,1627.00,1272037.00
26/06/18,1682.90,1695.90,1645.55,889805.00
27/06/18,1653.35,1697.95,1635.70,529526.00
28/06/18,1642.10,1659.00,1612.25,755603.00
29/06/18,1696.60,1707.00,1645.50,477024.00
02/07/18,1650.15,1710.00,1632.65,421281.00
03/07/18,1661.00,1669.20,1631.55,290724.00
04/07/18,1650.55,1667.45,1642.40,169081.00
05/07/18,1628.00,1654.90,1602.75,396326.00
06/07/18,1643.40,1658.80,1613.00,368569.00
09/07/18,1726.90,1735.80,1638.00,498961.00
10/07/18,1743.45,1777.50,1729.20,810392.00
11/07/18,1693.40,1737.10,1682.60,322310.00
12/07/18,1678.80,1728.90,1656.00,447728.00
13/07/18,1650.45,1690.00,1644.00,253114.00
16/07/18,1584.50,1657.45,1575.00,327183.00
17/07/18,1646.15,1654.30,1585.00,326051.00
18/07/18,1601.75,1664.95,1582.00,405709.00
19/07/18,1570.55,1605.00,1530.25,592266.00
20/07/18,1563.30,1585.50,1530.05,535086.00
23/07/18,1567.65,1580.00,1542.05,313678.00
24/07/18,1640.35,1653.00,1556.30,556365.00
25/07/18,1667.80,1694.10,1620.50,511942.00
26/07/18,1644.80,1698.30,1618.30,373039.00
27/07/18,1684.15,1725.00,1630.00,750168.00
30/07/18,1720.30,1739.50,1690.00,597393.00
31/07/18,1731.25,1738.70,1686.00,291519.00
01/08/18,1729.35,1748.10,1715.00,339398.00
02/08/18,1694.00,1725.30,1686.05,300731.00
03/08/18,1742.65,1756.50,1697.10,398878.00
06/08/18,1792.30,1799.10,1750.00,536137.00
07/08/18,1827.50,1842.00,1800.00,825865.00
08/08/18,1853.30,1877.00,1822.00,1405032.00
09/08/18,1897.35,1908.00,1865.05,725230.00
10/08/18,1904.10,1920.00,1868.05,482456.00
13/08/18,1879.85,1899.70,1870.00,218787.00
14/08/18,1933.90,1940.00,1860.00,537884.00
16/08/18,1961.15,1975.00,1910.95,600215.00
17/08/18,1990.65,2000.00,1955.00,437313.00
20/08/18,1969.05,2010.15,1961.95,242935.00
21/08/18,1963.35,1983.75,1926.10,404784.00
23/08/18,1955.35,1978.45,1940.05,304315.00
24/08/18,1973.20,1995.10,1940.00,329709.00
27/08/18,1972.30,1993.95,1955.15,171818.00
28/08/18,1949.15,1984.90,1942.85,145749.00
29/08/18,2053.10,2069.00,1941.15,640289.00
30/08/18,2040.55,2084.50,2033.00,493601.00
31/08/18,2022.40,2064.80,1982.15,481207.00
03/09/18,2002.90,2059.00,1996.15,186991.00
04/09/18,1946.40,2018.00,1935.25,228497.00
05/09/18,1925.10,1968.85,1868.65,368873.00
06/09/18,1988.20,2004.00,1905.80,449320.00
07/09/18,2015.70,2042.00,1958.00,430669.00
10/09/18,1953.00,2014.85,1936.60,232600.00
11/09/18,1941.70,1992.00,1933.60,416178.00
12/09/18,1988.30,2012.20,1902.85,440455.00
14/09/18,2008.25,2035.00,1990.55,469554.00
17/09/18,2025.15,2055.00,1970.10,513861.00
18/09/18,1992.70,2060.00,1981.35,482494.00
19/09/18,1982.55,2027.10,1970.35,386856.00
21/09/18,1932.35,2029.20,1685.20,600969.00
24/09/18,1904.80,1953.85,1874.00,349545.00
25/09/18,1899.70,1928.95,1861.85,431722.00
26/09/18,1888.90,1934.00,1881.10,204461.00
27/09/18,1809.55,1905.95,1777.15,349809.00
28/09/18,1711.10,1840.00,1695.00,364746.00
01/10/18,1716.25,1735.00,1615.00,441351.00
03/10/18,1763.10,1784.75,1670.00,503588.00
04/10/18,1749.10,1768.95,1697.30,458630.00
05/10/18,1700.10,1749.80,1680.00,255220.00
08/10/18,1662.75,1719.95,1616.65,487481.00
09/10/18,1699.20,1721.90,1646.20,371426.00
10/10/18,1808.30,1820.05,1696.05,403137.00
11/10/18,1727.05,1787.75,1705.00,375480.00
12/10/18,1773.10,1813.00,1725.00,569394.00
15/10/18,1762.30,1780.85,1738.00,282335.00
16/10/18,1776.00,1799.00,1760.95,276077.00
17/10/18,1754.15,1867.00,1743.70,773977.00
19/10/18,1723.50,1776.60,1710.00,220161.00
22/10/18,1704.10,1764.60,1690.10,263094.00
23/10/18,1708.60,1752.00,1690.25,391489.00
24/10/18,1716.90,1768.85,1684.40,398954.00
25/10/18,1740.60,1755.00,1691.50,223741.00
26/10/18,1791.55,1800.00,1716.05,375952.00
29/10/18,1854.90,1867.10,1781.90,466428.00
30/10/18,1873.60,1887.30,1850.00,438603.00
31/10/18,1931.00,1947.00,1861.55,501467.00
01/11/18,1958.25,1995.00,1926.00,807811.00
02/11/18,1958.80,2060.00,1945.00,1174866.00
05/11/18,1990.90,2002.50,1927.40,332099.00
06/11/18,2006.30,2018.70,1990.35,299703.00
07/11/18,2002.80,2020.00,1991.25,38863.00
09/11/18,2081.50,2092.40,1991.15,664830.00
12/11/18,2032.50,2116.00,2019.40,334066.00
13/11/18,2071.55,2076.00,2017.05,396791.00
14/11/18,2044.10,2087.50,2034.95,239959.00
15/11/18,2055.25,2066.00,2025.50,193909.00
16/11/18,2040.25,2078.30,2022.05,205524.00
19/11/18,2094.10,2109.75,2011.45,517188.00
20/11/18,2081.50,2140.00,2068.45,665509.00
21/11/18,2114.95,2132.25,2071.55,346966.00
22/11/18,2078.50,2133.00,2067.25,239333.00
26/11/18,2072.00,2110.00,2053.10,221436.00
27/11/18,2112.55,2117.95,2061.05,303287.00
28/11/18,2110.70,2128.80,2081.10,206067.00
29/11/18,2152.30,2165.00,2100.05,393057.00
30/11/18,2164.45,2178.95,2142.20,294077.00
03/12/18,2144.30,2174.00,2133.05,170703.00
04/12/18,2169.70,2197.00,2131.20,414351.00
05/12/18,2114.45,2163.00,2106.80,272774.00
06/12/18,2100.20,2132.95,2075.75,315117.00
07/12/18,2115.90,2134.00,2082.30,264086.00
10/12/18,2056.65,2097.00,2034.95,422875.00
11/12/18,2131.50,2141.45,2035.00,291943.00
12/12/18,2157.40,2167.75,2110.90,275716.00
13/12/18,2184.95,2195.00,2106.35,344132.00
14/12/18,2198.45,2222.55,2171.30,550110.00
17/12/18,2209.65,2224.80,2190.05,219465.00
18/12/18,2220.35,2230.00,2185.60,240106.00
19/12/18,2242.30,2255.00,2220.35,266073.00
20/12/18,2259.15,2276.95,2222.30,312381.00
21/12/18,2149.35,2266.65,2140.00,631940.00
24/12/18,1972.35,2161.80,1960.00,2437373.00
26/12/18,1967.30,1989.00,1906.00,1513999.00
27/12/18,2000.65,2012.50,1975.55,925797.00
28/12/18,2001.70,2035.00,1993.45,575142.00
31/12/18,1999.65,2024.75,1986.10,293685.00
01/01/19,1989.00,2007.95,1948.00,854122.00
02/01/19,1992.15,2013.15,1960.05,467887.00
03/01/19,1976.15,2012.00,1965.00,320775.00
04/01/19,1993.15,2003.40,1947.75,408541.00
07/01/19,1997.85,2009.70,1976.55,324402.00
08/01/19,2025.30,2031.80,1989.90,533317.00
09/01/19,2036.75,2057.75,2025.25,444563.00
10/01/19,2050.00,2055.00,2016.00,380385.00
11/01/19,2046.40,2069.80,2038.30,346969.00
14/01/19,2026.45,2054.25,2001.50,252549.00
15/01/19,2071.50,2078.80,2026.45,337166.00
16/01/19,2041.20,2089.70,2030.10,285261.00
17/01/19,2050.90,2061.00,2032.50,238825.00
18/01/19,2071.15,2082.80,2044.90,232828.00
21/01/19,2035.85,2084.00,2021.20,151431.00
22/01/19,2073.20,2081.00,2010.05,252259.00
23/01/19,2059.55,2089.85,2051.05,203277.00
24/01/19,2094.90,2108.70,2036.30,200947.00
25/01/19,2076.35,2138.00,2056.35,379924.00
28/01/19,2008.05,2072.00,1976.05,279384.00
29/01/19,2025.85,2038.00,1987.00,234312.00
30/01/19,2035.20,2042.20,2007.35,143998.00
31/01/19,2011.35,2045.00,1998.40,348718.00
01/02/19,1966.45,2017.00,1960.55,335740.00
04/02/19,1968.05,1989.00,1947.60,443620.00
05/02/19,2023.30,2042.80,1958.20,1662762.00
06/02/19,2223.25,2240.00,2035.90,1690157.00
07/02/19,2226.00,2255.25,2202.10,559036.00
08/02/19,2218.25,2245.00,2205.00,276851.00
11/02/19,2209.05,2229.00,2156.70,308214.00
12/02/19,2196.50,2235.85,2186.65,207479.00
13/02/19,2197.30,2214.00,2190.00,147681.00
14/02/19,2246.20,2282.00,2166.00,533530.00
15/02/19,2201.40,2246.20,2165.50,373814.00
18/02/19,2183.15,2200.00,2163.00,214022.00
19/02/19,2180.85,2223.55,2172.00,257288.00
20/02/19,2208.60,2215.10,2180.30,204543.00
21/02/19,2205.35,2236.00,2192.20,249930.00
22/02/19,2200.15,2208.60,2176.70,264848.00
25/02/19,2237.60,2254.00,2188.85,542138.00
26/02/19,2218.55,2231.50,2205.25,314319.00
27/02/19,2252.85,2262.40,2223.00,489130.00
28/02/19,2295.15,2308.00,2235.50,584319.00
01/03/19,2285.80,2338.90,2270.50,434985.00
05/03/19,2318.70,2324.10,2281.00,308035.00
06/03/19,2360.80,2375.30,2310.30,394188.00
07/03/19,2350.65,2378.00,2342.10,191534.00
08/03/19,2353.65,2364.20,2331.80,178890.00
11/03/19,2375.45,2384.70,2341.40,182008.00
12/03/19,2374.10,2405.55,2358.05,180349.00
13/03/19,2403.35,2425.00,2346.00,183617.00
14/03/19,2361.25,2430.00,2352.50,323014.00
15/03/19,2418.10,2435.00,2358.60,890492.00
18/03/19,2407.75,2449.50,2398.00,255177.00
19/03/19,2396.40,2418.00,2386.40,212644.00
20/03/19,2401.90,2415.00,2374.85,250190.00
22/03/19,2454.50,2465.85,2395.00,498231.00
25/03/19,2432.10,2478.00,2420.15,516989.00
26/03/19,2465.15,2478.00,2406.00,274066.00
27/03/19,2434.95,2465.00,2417.00,311373.00
28/03/19,2451.10,2463.70,2384.40,151065.00
29/03/19,2403.00,2470.00,2351.10,446954.00
01/04/19,2360.60,2434.00,2172.60,2412126.00
02/04/19,2389.15,2396.70,2338.80,504710.00
03/04/19,2384.40,2418.95,2372.00,282995.00
04/04/19,2484.90,2496.20,2408.10,1058898.00
05/04/19,2491.10,2500.00,2452.00,460009.00
08/04/19,2478.25,2512.75,2465.55,387177.00
09/04/19,2464.85,2476.65,2450.10,182814.00
10/04/19,2451.90,2487.25,2445.65,150952.00
11/04/19,2466.10,2479.10,2450.05,140529.00
12/04/19,2443.60,2478.20,2431.00,172757.00
15/04/19,2460.70,2469.90,2442.00,98003.00
16/04/19,2487.20,2496.50,2454.60,155465.00
18/04/19,2452.80,2511.00,2444.00,186434.00
22/04/19,2424.55,2456.55,2417.45,93410.00
23/04/19,2458.45,2468.65,2421.50,213399.00
24/04/19,2513.45,2521.00,2454.15,232327.00
25/04/19,2525.05,2539.80,2499.60,257235.00
26/04/19,2557.30,2566.10,2511.20,184195.00
30/04/19,2567.65,2582.45,2534.55,226182.00
02/05/19,2597.30,2617.95,2560.00,316933.00
03/05/19,2580.80,2593.75,2561.50,108615.00
06/05/19,2555.85,2576.60,2535.00,120761.00
07/05/19,2504.50,2577.40,2499.60,151194.00
08/05/19,2444.40,2518.00,2425.65,268042.00
09/05/19,2423.65,2467.00,2412.50,220346.00
10/05/19,2445.95,2470.50,2410.50,227115.00
13/05/19,2466.60,2483.00,2430.50,281403.00
14/05/19,2600.10,2625.50,2335.00,2004741.00
15/05/19,2757.45,2815.00,2581.25,2525817.00
16/05/19,2765.10,2790.00,2711.25,720480.00
17/05/19,2798.45,2822.40,2740.25,457088.00
20/05/19,2918.30,2938.00,2827.75,355828.00
21/05/19,2960.15,2978.40,2895.15,498739.00
22/05/19,2931.95,2965.80,2922.50,202914.00
23/05/19,2892.65,2979.45,2859.05,348635.00
24/05/19,2867.00,2920.25,2847.20,293483.00
27/05/19,2958.30,2982.90,2860.50,315612.00
28/05/19,2889.90,2974.90,2882.00,270369.00
29/05/19,2912.70,2926.00,2865.45,251278.00
30/05/19,2899.20,2910.00,2876.80,249659.00
31/05/19,2846.85,2926.80,2836.00,281986.00
03/06/19,2858.65,2867.65,2774.15,359700.00
04/06/19,2896.00,2919.50,2834.00,344046.00
06/06/19,2841.55,2920.40,2825.90,239173.00
07/06/19,2875.40,2896.05,2822.10,209193.00
10/06/19,2909.65,2953.60,2876.00,352424.00
11/06/19,2890.60,2927.80,2880.10,182310.00
12/06/19,2889.50,2920.00,2877.30,168226.00
13/06/19,2919.50,2930.00,2862.25,160465.00
14/06/19,2885.70,2943.00,2853.45,280610.00
17/06/19,2862.50,2882.90,2848.40,102580.00
18/06/19,3009.60,3021.00,2868.10,1067518.00
19/06/19,2971.55,3046.00,2937.15,697820.00
20/06/19,3040.45,3048.85,2978.30,534018.00
21/06/19,3021.20,3063.00,3007.15,378281.00
24/06/19,2990.00,3042.00,2985.00,181384.00
25/06/19,2964.15,2994.80,2920.00,405770.00
26/06/19,2978.35,3006.00,2952.00,256211.00
27/06/19,3023.55,3077.00,2963.40,520148.00
28/06/19,3042.65,3059.00,3017.25,370740.00
01/07/19,3020.55,3069.00,2995.15,325396.00
02/07/19,3066.95,3077.85,3006.20,257901.00
03/07/19,3026.60,3086.10,3015.10,373945.00
04/07/19,3047.70,3068.45,3030.15,146597.00
05/07/19,2982.05,3063.50,2971.05,253519.00
08/07/19,2880.60,2982.75,2870.75,308658.00
09/07/19,2796.00,2895.45,2756.05,616186.00
10/07/19,2761.95,2799.00,2740.00,329101.00
11/07/19,2760.25,2808.55,2750.00,273458.00
12/07/19,2748.10,2781.70,2708.00,425922.00
15/07/19,2686.10,2798.00,2662.00,321099.00
16/07/19,2777.90,2789.00,2698.75,469570.00
17/07/19,2710.10,2784.70,2679.05,417621.00
18/07/19,2643.90,2754.95,2635.60,375800.00
19/07/19,2673.40,2701.00,2640.25,389319.00
22/07/19,2697.70,2704.40,2612.30,329159.00
23/07/19,2689.20,2730.00,2672.00,219791.00
24/07/19,2677.40,2700.00,2643.10,159508.00
25/07/19,2655.40,2700.00,2641.10,132346.00
26/07/19,2737.55,2764.25,2650.00,314316.00
29/07/19,2767.50,2788.00,2682.00,290009.00
30/07/19,2680.20,2781.95,2658.00,232068.00
31/07/19,2701.80,2717.10,2615.75,189187.00
01/08/19,2638.70,2705.00,2566.55,290887.00
02/08/19,2632.70,2681.80,2578.15,282373.00
05/08/19,2578.75,2625.00,2551.50,282696.00
06/08/19,2980.80,3049.80,2650.00,3032122.00
07/08/19,2878.80,3020.00,2855.30,1326078.00
08/08/19,2901.60,2930.00,2840.00,633976.00
09/08/19,2898.00,2950.35,2864.85,476582.00
13/08/19,2831.25,2907.00,2802.85,254696.00
14/08/19,2880.85,2920.00,2840.00,337486.00
16/08/19,2886.30,2911.20,2834.00,268044.00
19/08/19,2938.80,2966.00,2901.25,477795.00
20/08/19,2853.55,2947.55,2844.20,250074.00
21/08/19,2898.70,2926.25,2853.00,331018.00
22/08/19,2787.75,2884.95,2774.00,318870.00
23/08/19,2809.85,2832.00,2753.00,361708.00
26/08/19,2844.75,2873.70,2782.00,211215.00
27/08/19,2806.45,2875.00,2790.20,283878.00
28/08/19,2775.75,2830.90,2761.90,222609.00
29/08/19,2740.60,2787.95,2726.00,177091.00
30/08/19,2774.60,2786.35,2740.95,161541.00
03/09/19,2723.75,2779.55,2712.65,124132.00
04/09/19,2735.55,2748.95,2685.00,149122.00
05/09/19,2732.85,2775.90,2727.55,162273.00
06/09/19,2764.70,2790.00,2730.50,222243.00
09/09/19,2793.50,2804.00,2749.05,166017.00
11/09/19,2815.05,2842.00,2790.00,173519.00
12/09/19,2708.85,2838.95,2700.40,268637.00
13/09/19,2774.30,2780.35,2710.50,334112.00
16/09/19,2797.50,2805.00,2731.30,255411.00
17/09/19,2734.55,2822.20,2725.00,253992.00
18/09/19,2740.40,2784.65,2710.40,261780.00
19/09/19,2702.45,2743.50,2675.70,360785.00
20/09/19,2863.65,2935.00,2692.55,504796.00
23/09/19,2949.15,3003.00,2863.65,578983.00
24/09/19,2881.60,2977.50,2871.00,313814.00
25/09/19,2787.75,2890.80,2760.00,237974.00
26/09/19,2768.90,2795.00,2741.05,377474.00
27/09/19,2752.40,2799.00,2736.50,299507.00
30/09/19,2751.95,2774.90,2737.00,152388.00
01/10/19,2683.00,2760.00,2652.05,358647.00
03/10/19,2731.00,2749.15,2642.15,206802.00
04/10/19,2667.95,2769.00,2659.85,206571.00
07/10/19,2650.70,2690.95,2637.55,106393.00
09/10/19,2748.70,2760.00,2650.10,212995.00
10/10/19,2743.40,2789.00,2722.25,171990.00
11/10/19,2693.95,2746.00,2686.00,161988.00
14/10/19,2612.65,2713.45,2595.20,424743.00
15/10/19,2624.65,2669.85,2588.00,557839.00
16/10/19,2633.95,2648.25,2590.00,340303.00
17/10/19,2677.90,2688.40,2618.00,273860.00
18/10/19,2693.70,2721.95,2664.50,181485.00
22/10/19,2713.80,2749.00,2694.90,134036.00
23/10/19,2825.35,2893.00,2703.00,584155.00
24/10/19,2846.05,2879.00,2835.00,267804.00
25/10/19,2851.10,2930.00,2835.00,501355.00
27/10/19,2853.30,2874.00,2842.00,17405.00
29/10/19,2819.60,2948.00,2783.05,348293.00
30/10/19,2796.15,2814.95,2715.00,855803.00
31/10/19,2896.25,2920.00,2757.95,647862.00
01/11/19,2902.60,2925.30,2860.00,307775.00
04/11/19,2929.90,2975.00,2870.80,613224.00
05/11/19,2957.45,3064.70,2890.00,1150812.00
06/11/19,3067.10,3128.35,2931.60,1433435.00
07/11/19,3148.75,3165.00,3039.00,720917.00
08/11/19,3139.45,3225.00,3119.60,799344.00
11/11/19,3154.75,3197.75,3129.40,361518.00
13/11/19,3144.70,3190.00,3130.00,354111.00
14/11/19,3159.70,3190.00,3130.00,316254.00
15/11/19,3215.70,3244.85,3158.20,517635.00
18/11/19,3206.35,3245.70,3182.75,307592.00
19/11/19,3200.55,3226.35,3185.20,128761.00
20/11/19,3220.35,3272.90,3200.00,379707.00
21/11/19,3143.75,3230.35,3133.90,221528.00
22/11/19,3124.05,3174.95,3090.20,329812.00
25/11/19,3152.25,3161.75,3132.10,175925.00
26/11/19,3121.45,3177.30,3105.00,181703.00
27/11/19,3164.90,3173.00,3117.85,183074.00
28/11/19,3224.95,3239.95,3132.50,375030.00
29/11/19,3201.65,3222.95,3180.00,144089.00
02/12/19,3237.45,3250.00,3175.00,232151.00
03/12/19,3205.95,3247.65,3190.00,160863.00
04/12/19,3192.80,3216.95,3173.90,144637.00
05/12/19,3241.20,3256.80,3180.20,253799.00
06/12/19,3230.10,3253.75,3217.70,197189.00
09/12/19,3244.45,3285.75,3206.60,339250.00
10/12/19,3238.40,3275.40,3222.00,232926.00
11/12/19,3268.55,3274.00,3230.00,163175.00
12/12/19,3309.15,3323.45,3257.00,300081.00
13/12/19,3303.00,3342.95,3291.00,289853.00
16/12/19,3268.40,3326.20,3259.20,113547.00
17/12/19,3240.30,3285.00,3225.20,114897.00
18/12/19,3228.70,3249.45,3204.00,114104.00
19/12/19,3329.50,3345.75,3233.80,605095.00
20/12/19,3326.50,3344.90,3309.30,234143.00
23/12/19,3357.20,3395.95,3301.00,473685.00
24/12/19,3329.45,3372.00,3322.00,187274.00
26/12/19,3413.60,3426.60,3321.10,556181.00
27/12/19,3420.80,3449.00,3391.30,386492.00
30/12/19,3415.30,3456.45,3405.10,274454.00
31/12/19,3436.10,3450.00,3401.05,189423.00
01/01/20,3439.55,3453.00,3425.30,106572.00
02/01/20,3463.30,3469.50,3435.00,152503.00
03/01/20,3452.65,3475.85,3435.30,121856.00
06/01/20,3408.70,3450.00,3384.05,149865.00
07/01/20,3417.70,3449.00,3388.10,153859.00
08/01/20,3465.55,3492.55,3381.00,199106.00
09/01/20,3496.15,3516.00,3458.20,265052.00
10/01/20,3495.20,3518.00,3480.00,190271.00
13/01/20,3540.10,3543.60,3501.25,219847.00
14/01/20,3541.50,3562.45,3521.20,141070.00
15/01/20,3571.65,3580.50,3520.00,133263.00
16/01/20,3574.90,3596.80,3560.05,104381.00
17/01/20,3622.70,3655.00,3571.00,194926.00
20/01/20,3616.15,3644.85,3602.00,84046.00
21/01/20,3609.60,3647.00,3602.10,94049.00
22/01/20,3610.40,3638.60,3600.90,91319.00
23/01/20,3636.80,3663.00,3607.40,164428.00
24/01/20,3660.35,3726.75,3625.20,292983.00
27/01/20,3673.60,3712.55,3645.85,152848.00
28/01/20,3764.85,3785.00,3683.30,307537.00
29/01/20,3766.30,3803.85,3751.00,283928.00
30/01/20,3802.25,3824.00,3741.75,153634.00
31/01/20,3784.05,3861.00,3772.00,314532.00
01/02/20,3688.15,3807.50,3670.50,145433.00
03/02/20,3789.40,3814.05,3688.15,237855.00
04/02/20,3740.90,3900.00,3641.30,1067773.00
05/02/20,3987.05,3997.75,3775.00,1029851.00
06/02/20,4008.60,4055.00,3977.05,630944.00
07/02/20,4109.90,4124.00,3984.65,421283.00
10/02/20,4134.30,4173.50,4090.00,508442.00
11/02/20,4158.75,4195.05,4106.00,263795.00
12/02/20,4163.55,4183.65,4139.10,160355.00
13/02/20,4149.15,4170.00,4120.20,192562.00
14/02/20,4192.95,4230.00,4149.15,279059.00
17/02/20,4152.15,4217.00,4141.00,169852.00
18/02/20,4163.80,4174.80,4122.45,245271.00
19/02/20,4162.15,4180.00,4143.80,146542.00
20/02/20,4166.80,4260.00,4155.00,317946.00
24/02/20,4062.10,4160.00,4050.05,190614.00
25/02/20,4119.75,4138.15,4032.95,247233.00
26/02/20,4125.10,4165.50,4099.15,208945.00
27/02/20,4143.70,4171.45,4091.00,166847.00
28/02/20,3893.80,4098.95,3846.05,501905.00
02/03/20,3907.40,4019.00,3885.45,279388.00
03/03/20,3996.95,4005.90,3875.00,229186.00
04/03/20,3956.75,4015.95,3889.90,256544.00
05/03/20,3930.90,4009.30,3913.05,211976.00
06/03/20,3887.35,3917.70,3740.15,488703.00
09/03/20,3726.70,3845.95,3688.05,318940.00
11/03/20,3718.20,3754.70,3640.00,294837.00
12/03/20,3371.55,3629.70,3327.60,521780.00
13/03/20,3557.50,3591.15,2900.35,311755.00
16/03/20,3147.95,3498.05,3125.10,306873.00
17/03/20,3244.45,3355.00,3103.25,260626.00
18/03/20,2961.10,3338.80,2937.55,304557.00
19/03/20,2936.60,3077.50,2686.55,480334.00
20/03/20,3216.85,3299.90,2862.00,329879.00
23/03/20,2686.55,3049.00,2605.05,225599.00
24/03/20,2718.50,2955.00,2635.15,254769.00
25/03/20,2777.95,2835.00,2467.65,236924.00
26/03/20,2771.50,2880.00,2660.00,334854.00
27/03/20,2727.00,2869.20,2682.05,301089.00
30/03/20,2797.50,2834.00,2550.00,353218.00
31/03/20,2783.30,2897.00,2745.10,218027.00
01/04/20,2654.95,2817.85,2620.00,247051.00
03/04/20,2668.35,2767.60,2562.10,411310.00
07/04/20,2885.70,2926.95,2702.00,391612.00
08/04/20,2996.75,3122.95,2812.30,511257.00
09/04/20,3237.75,3278.00,3030.90,442464.00
13/04/20,3384.15,3425.00,3180.00,426656.00
15/04/20,3337.20,3479.90,3252.00,399510.00
16/04/20,3414.10,3449.00,3257.00,382068.00
17/04/20,3407.10,3509.80,3340.15,322558.00
20/04/20,3340.55,3433.90,3303.35,190389.00
21/04/20,3306.65,3326.85,3235.65,208989.00
22/04/20,3442.80,3464.85,3285.35,249066.00
23/04/20,3642.95,3696.15,3460.00,515641.00
24/04/20,3488.05,3660.80,3470.00,273907.00
27/04/20,3589.60,3642.80,3522.00,296197.00
28/04/20,3684.90,3760.00,3599.00,638368.00
29/04/20,3665.60,3739.00,3615.10,256897.00
30/04/20,3718.75,3772.00,3686.75,207392.00
04/05/20,3640.55,3691.70,3580.80,229759.00
05/05/20,3649.90,3729.00,3625.60,269826.00
06/05/20,3655.05,3727.75,3634.65,218872.00
07/05/20,3593.45,3689.00,3543.10,416157.00
08/05/20,3595.10,3660.00,3582.05,112960.00
11/05/20,3576.85,3655.00,3555.50,180501.00
12/05/20,3537.35,3588.30,3471.00,267040.00
13/05/20,3605.80,3719.90,3593.35,285649.00
14/05/20,3651.60,3670.00,3555.20,189999.00
15/05/20,3596.05,3688.50,3558.25,197824.00
18/05/20,3423.20,3590.00,3397.00,158874.00
19/05/20,3325.35,3500.00,3306.00,267636.00
20/05/20,3379.95,3409.20,3325.55,192605.00
21/05/20,3370.45,3455.95,3345.50,163349.00
22/05/20,3379.95,3430.00,3324.00,159425.00
26/05/20,3452.45,3481.20,3368.00,150024.00
27/05/20,3426.20,3460.00,3401.05,100305.00
28/05/20,3409.40,3460.00,3370.00,134076.00
29/05/20,3487.15,3544.00,3375.00,277105.00
01/06/20,3707.15,3734.30,3511.80,313811.00
02/06/20,3679.80,3758.80,3650.00,147348.00
03/06/20,3651.25,3738.80,3605.65,201066.00
04/06/20,3798.05,3844.50,3622.30,589995.00
05/06/20,3650.30,3790.00,3637.00,712370.00
08/06/20,3697.15,3755.00,3611.00,471468.00
09/06/20,3654.75,3723.75,3630.15,296068.00
10/06/20,3641.55,3716.20,3631.00,213234.00
11/06/20,3625.70,3736.95,3592.00,420774.00
12/06/20,3683.00,3694.40,3529.20,232589.00
15/06/20,3615.20,3724.50,3600.05,203633.00
16/06/20,3615.25,3697.80,3545.50,356425.00
17/06/20,3621.25,3673.20,3566.40,293368.00
18/06/20,3604.75,3654.95,3580.00,244315.00
19/06/20,3614.15,3660.00,3597.70,281420.00
22/06/20,3618.20,3656.00,3608.00,115805.00
23/06/20,3715.20,3748.00,3576.45,329272.00
24/06/20,3601.35,3757.15,3582.05,351709.00
25/06/20,3615.15,3644.85,3562.00,178996.00
26/06/20,3602.00,3664.95,3586.55,175971.00
29/06/20,3603.50,3639.95,3584.05,111410.00
30/06/20,3605.70,3652.00,3575.10,87548.00
01/07/20,3597.95,3628.15,3585.00,101975.00
02/07/20,3654.20,3710.00,3609.00,352012.00
03/07/20,3643.40,3685.35,3630.00,63209.00
06/07/20,3850.30,3879.90,3655.00,872617.00
07/07/20,3831.00,3922.30,3811.10,278262.00
08/07/20,3900.60,4043.55,3860.10,921868.00
09/07/20,3890.65,3960.00,3840.00,218709.00
10/07/20,3894.65,3962.00,3840.00,200421.00
13/07/20,3840.65,3940.95,3816.05,195859.00
14/07/20,3804.05,3893.95,3790.00,208161.00
15/07/20,3793.40,3857.95,3762.00,147082.00
16/07/20,3814.45,3835.10,3761.55,120625.00
17/07/20,3813.30,3872.50,3794.05,143497.00
20/07/20,3849.30,3914.15,3817.15,199323.00
21/07/20,3806.15,3896.25,3772.00,121214.00
22/07/20,3812.90,3870.00,3770.00,171782.00
23/07/20,3841.30,3883.95,3800.40,202667.00
24/07/20,3790.00,3878.00,3772.25,155507.00
27/07/20,3765.70,3830.60,3722.10,148454.00
28/07/20,3770.90,3810.00,3760.15,83783.00
29/07/20,3934.85,3948.45,3772.00,411919.00
30/07/20,3760.20,4030.00,3726.90,937199.00
31/07/20,3793.15,3886.25,3756.00,333517.00
03/08/20,3833.40,3878.80,3785.00,228660.00
04/08/20,3811.40,3890.00,3796.70,137037.00
05/08/20,3819.20,3901.70,3815.00,263517.00
06/08/20,3831.05,3860.00,3790.85,203169.00
07/08/20,4081.35,4122.95,3830.55,1011129.00
10/08/20,4221.55,4276.65,4063.60,834885.00
11/08/20,4159.40,4307.95,4150.00,546339.00
12/08/20,4148.50,4238.00,4095.35,302073.00
13/08/20,4206.05,4235.00,4145.00,328144.00
14/08/20,4174.60,4273.10,4135.00,322353.00
17/08/20,4142.30,4215.00,4122.10,171876.00
18/08/20,4282.35,4331.25,4120.00,485139.00
19/08/20,4295.05,4359.00,4272.40,351148.00
20/08/20,4252.35,4350.00,4225.75,282558.00
21/08/20,4286.45,4388.95,4267.30,391120.00
24/08/20,4333.20,4439.15,4300.50,495774.00
25/08/20,4276.25,4410.00,4262.10,303304.00
26/08/20,4256.65,4329.00,4210.40,185977.00
27/08/20,4238.30,4323.90,4227.10,209252.00
28/08/20,4226.00,4276.00,4210.00,146907.00
31/08/20,4053.90,4270.95,4013.75,241469.00
01/09/20,4112.75,4151.95,4035.90,201156.00
02/09/20,4218.20,4291.95,4121.40,273542.00
03/09/20,4323.90,4340.00,4214.05,278934.00
04/09/20,4202.05,4374.80,4167.05,370105.00
07/09/20,4196.85,4281.70,4150.50,225831.00
08/09/20,4132.05,4227.40,4105.20,182208.00
09/09/20,4123.55,4137.95,4035.00,206441.00
10/09/20,4118.00,4220.00,4093.05,174907.00
11/09/20,4206.05,4219.00,4115.00,209268.00
14/09/20,4330.30,4369.95,4223.00,380624.00
15/09/20,4316.45,4384.00,4278.00,222690.00
16/09/20,4346.75,4384.00,4320.15,178290.00
17/09/20,4392.65,4475.00,4311.05,485723.00
18/09/20,4317.95,4443.40,4287.50,487825.00
21/09/20,4159.40,4351.20,4133.25,167969.00
22/09/20,4126.55,4184.85,4005.90,218609.00
23/09/20,4117.00,4183.85,4044.00,117776.00
24/09/20,4005.65,4100.90,3993.60,182973.00
25/09/20,4084.20,4111.95,4026.00,123270.00
28/09/20,4169.15,4207.70,4104.25,137476.00
29/09/20,4135.45,4329.75,4069.10,656558.00
30/09/20,4130.10,4172.55,4101.90,133335.00
01/10/20,4113.45,4192.95,4101.10,121716.00
05/10/20,4127.40,4174.90,4093.00,172375.00
06/10/20,4125.55,4182.90,4117.00,157193.00
07/10/20,4156.30,4199.00,4100.00,131772.00
08/10/20,4263.00,4296.10,4170.70,304357.00
09/10/20,4266.75,4298.00,4211.15,162337.00
12/10/20,4372.95,4407.00,4255.05,458060.00
13/10/20,4384.25,4432.45,4331.35,375906.00
14/10/20,4371.75,4408.75,4289.60,370762.00
15/10/20,4351.70,4467.95,4330.10,438766.00
16/10/20,4450.95,4507.15,4390.00,430760.00
19/10/20,4450.65,4525.00,4392.00,293290.00
20/10/20,4485.40,4524.50,4440.15,192555.00
21/10/20,4438.65,4551.15,4390.00,231313.00
22/10/20,4375.65,4454.40,4340.00,154632.00
23/10/20,4422.55,4447.00,4377.70,115110.00
26/10/20,4338.65,4443.95,4298.20,74684.00
27/10/20,4381.20,4400.00,4290.05,104071.00
28/10/20,4372.45,4466.55,4350.00,141268.00
29/10/20,4438.40,4472.00,4325.00,144393.00
30/10/20,4416.80,4557.30,4347.20,348338.00
02/11/20,4402.65,4460.00,4348.75,143892.00
03/11/20,4393.80,4444.90,4334.15,116245.00
04/11/20,4443.15,4459.00,4355.00,157063.00
05/11/20,4867.00,4887.45,4492.00,1465504.00
06/11/20,4966.90,5074.00,4853.00,1244337.00
09/11/20,5055.25,5100.00,4932.05,279137.00
10/11/20,4984.65,5122.00,4932.15,239183.00
11/11/20,5004.95,5039.50,4935.35,169259.00
12/11/20,5084.65,5125.00,4985.80,269147.00
13/11/20,5137.05,5152.00,5040.05,169351.00
14/11/20,5135.35,5160.00,5111.90,21620.00
17/11/20,5062.00,5178.25,5035.50,233538.00
18/11/20,5028.00,5084.20,5009.00,150095.00
19/11/20,5053.80,5215.00,4957.70,484419.00
20/11/20,5087.15,5174.15,5031.65,183116.00
23/11/20,5159.05,5175.00,5074.30,135908.00
24/11/20,5332.60,5367.20,5160.05,439124.00
25/11/20,5105.75,5353.00,5082.40,276061.00
26/11/20,5076.10,5166.00,5026.40,233949.00
27/11/20,5133.65,5192.00,5030.00,495836.00
01/12/20,5098.00,5179.50,5066.35,116811.00
02/12/20,5212.75,5242.20,5091.90,208526.00
03/12/20,5266.65,5325.00,5217.05,208526.00
04/12/20,5332.90,5347.40,5229.40,131550.00
07/12/20,5367.30,5424.00,5332.90,157050.00
08/12/20,5345.70,5427.95,5312.25,124339.00
09/12/20,5424.35,5447.95,5353.00,159758.00
10/12/20,5314.35,5419.00,5280.00,121245.00
11/12/20,5267.95,5374.95,5239.90,100993.00
14/12/20,5311.80,5348.45,5240.30,134670.00
15/12/20,5216.25,5341.35,5200.05,215034.00
16/12/20,5343.05,5357.80,5222.00,196024.00
17/12/20,5529.60,5584.00,5312.00,471701.00
18/12/20,5559.30,5614.65,5498.20,343302.00
21/12/20,5278.95,5540.00,5220.90,188452.00
22/12/20,5389.50,5413.10,5108.45,241041.00
23/12/20,5532.20,5567.00,5352.00,109941.00
24/12/20,5482.75,5643.75,5456.05,180071.00
28/12/20,5505.35,5537.20,5450.50,98372.00
29/12/20,5485.80,5565.00,5460.80,136022.00
30/12/20,5516.95,5591.45,5480.00,186725.00
31/12/20,5573.90,5589.95,5487.25,136310.00
01/01/21,5681.20,5730.00,5549.00,183896.00
04/01/21,5687.10,5723.15,5625.00,177035.00
05/01/21,5695.25,5718.95,5590.00,110797.00
06/01/21,5701.45,5794.70,5646.00,190537.00
07/01/21,5709.60,5785.00,5684.50,91740.00
08/01/21,5916.95,5965.00,5724.70,218155.00
11/01/21,5921.05,6030.90,5867.00,244522.00
12/01/21,5929.40,6002.80,5888.80,147776.00
13/01/21,6008.95,6039.30,5844.60,160915.00
14/01/21,5979.55,6035.00,5893.05,108940.00
15/01/21,5829.15,6070.50,5800.00,188109.00
18/01/21,5736.30,5849.95,5640.00,178095.00
19/01/21,5828.35,5860.00,5775.00,132597.00
20/01/21,5865.95,5926.00,5781.00,162852.00
21/01/21,5772.60,5962.00,5578.20,347500.00
22/01/21,5405.30,5734.95,5347.00,718734.00
25/01/21,5387.35,5523.90,5240.00,327101.00
27/01/21,5361.70,5460.00,5325.05,223452.00
28/01/21,5370.55,5494.90,5315.00,310852.00
29/01/21,5369.95,5438.95,5319.00,195391.00
01/02/21,5490.95,5539.70,5296.00,343680.00
02/02/21,5449.55,5581.30,5430.00,246981.00
03/02/21,5619.95,5722.95,5469.80,346699.00
04/02/21,5710.70,5740.00,5566.95,154386.00
05/02/21,5567.90,5714.35,5550.00,129729.00
08/02/21,5634.95,5673.60,5568.00,93425.00
09/02/21,5527.10,5693.70,5508.00,124387.00
10/02/21,5535.10,5596.00,5490.00,156448.00
11/02/21,5676.80,5705.95,5510.00,159278.00
12/02/21,5615.90,5757.90,5570.00,154628.00
15/02/21,5622.20,5725.00,5610.30,123535.00
16/02/21,5787.60,5820.00,5625.00,172931.00
17/02/21,5686.15,5842.50,5650.00,215848.00
18/02/21,5680.60,5729.95,5625.10,75821.00
19/02/21,5517.60,5708.25,5419.55,185580.00
22/02/21,5355.15,5569.00,5285.40,206509.00
23/02/21,5410.70,5453.95,5370.00,85858.00
24/02/21,5480.45,5535.00,5390.00,42649.00
25/02/21,5540.35,5595.00,5400.00,210737.00
26/02/21,5437.95,5540.95,5315.05,329200.00
01/03/21,5421.75,5519.40,5388.60,109665.00
02/03/21,5501.80,5550.00,5421.00,119790.00
03/03/21,5690.80,5739.00,5535.00,181759.00
04/03/21,5714.85,5740.05,5605.55,121743.00
05/03/21,5624.45,5820.50,5560.70,184392.00
08/03/21,5663.25,5729.55,5600.05,96092.00
09/03/21,5624.35,5704.85,5570.00,87933.00
10/03/21,5658.60,5692.70,5604.70,65597.00
12/03/21,5599.00,5720.00,5580.60,116215.00
15/03/21,5534.65,5625.00,5481.00,110711.00
16/03/21,5503.25,5590.00,5481.00,79326.00
17/03/21,5404.70,5514.90,5375.10,101716.00
18/03/21,5284.95,5480.00,5268.00,209957.00
19/03/21,5314.65,5400.00,5131.05,283241.00
22/03/21,5281.00,5322.75,5234.05,91631.00
23/03/21,5339.35,5367.60,5267.55,154029.00
24/03/21,5306.70,5356.80,5286.05,93292.00
25/03/21,5253.05,5318.95,5238.75,96649.00
26/03/21,5273.25,5345.80,5225.00,77754.00
30/03/21,5402.25,5420.95,5285.60,153794.00
31/03/21,5410.80,5450.00,5331.30,214425.00
01/04/21,5741.35,5774.75,5436.05,431901.00
05/04/21,5652.20,5770.00,5580.00,143188.00
06/04/21,6111.65,6162.15,5611.15,579329.00
07/04/21,6189.75,6246.00,6034.00,469668.00
08/04/21,6205.75,6364.60,6130.00,306052.00
09/04/21,6259.35,6363.55,6152.40,213233.00
12/04/21,6122.95,6219.95,5905.00,186751.00
13/04/21,6052.80,6330.00,6027.95,210942.00
15/04/21,5997.85,6129.95,5940.00,212540.00
16/04/21,6127.25,6160.00,5988.00,154684.00
19/04/21,6236.05,6262.75,5960.15,218041.00
20/04/21,6150.50,6289.55,6052.75,172396.00
22/04/21,6108.55,6197.95,6070.15,113999.00
23/04/21,6170.90,6210.80,6099.95,163918.00
26/04/21,6203.20,6402.30,6115.20,137823.00
27/04/21,6434.85,6453.25,6201.05,337803.00
28/04/21,6422.50,6528.55,6384.05,259728.00
29/04/21,6440.20,6542.45,6398.70,130265.00
30/04/21,6431.10,6590.00,6386.35,214303.00
03/05/21,6530.10,6579.85,6370.00,142570.00
04/05/21,6708.50,6813.90,6520.00,475971.00
05/05/21,6836.65,6999.00,6653.60,661029.00
06/05/21,6863.15,6988.00,6709.25,362719.00
07/05/21,6279.15,6730.00,6225.00,1359690.00
10/05/21,6299.40,6342.20,6253.30,297671.00
11/05/21,6294.50,6449.50,6268.10,405113.00
12/05/21,6280.05,6379.85,6181.20,319990.00
14/05/21,6259.50,6374.75,6218.35,171874.00
17/05/21,6366.65,6397.00,6260.05,143037.00
18/05/21,6427.35,6486.00,6372.05,189327.00
19/05/21,6413.95,6482.65,6400.05,68745.00
20/05/21,6436.90,6509.90,6380.60,131823.00
21/05/21,6451.80,6530.00,6422.10,98965.00
24/05/21,6409.55,6523.30,6378.00,81690.00
25/05/21,6429.90,6538.40,6400.00,218221.00
26/05/21,6441.05,6516.45,6415.00,121737.00